Id,E,A,I,Ni,Nf,xi,yi,xf,yf,resx_i,resy_i,resz_i,resx_f,resy_f,resz_f,l1,l2,w1,w2
1,20000000,0.25,0.005208,1,3,0.0,0.0,0.0,3.0,1,1,1,0,1,0,0.0,0.0,0.0,0.0
2,20000000,0.25,0.005208,2,4,6.0,0.0,6.0,3.0,1,1,1,0,1,0,0.0,0.0,0.0,0.0
3,20000000,0.25,0.005208,3,5,0.0,3.0,0.0,5.5,0,1,0,0,1,0,0.0,0.0,0.0,0.0
4,20000000,0.25,0.005208,4,6,6.0,3.0,6.0,5.5,0,1,0,0,1,0,0.0,0.0,0.0,0.0
5,20000000,0.12,0.001600,3,4,0.0,3.0,6.0,3.0,0,1,0,0,1,0,0.0,0.0,80.0,80.0
6,20000000,0.12,0.001600,5,6,0.0,5.5,6.0,5.5,0,1,0,0,1,0,0.0,0.0,80.0,80.0
